1	6-575,140-13237-0-001
2	6-575,140-13237-0-002
3	6-575,140-13237-0-003
4	6-575,140-13237-0-004
5	6-575,140-13237-0-005
6	6-575,140-13237-0-006
7	6-575,140-13237-0-007
8	6-575,140-13237-0-008
9	6-575,140-13237-0-009
10	6-575,140-13237-0-010
11	6-575,140-13237-0-011
12	6-575,140-13237-0-012
13	6-575,140-13237-0-013
14	6-575,140-13237-0-014
15	6-575,140-13237-0-015
16	6-575,140-13237-0-016
17	6-575,140-13237-0-017
18	6-575,140-13237-0-018
19	6-575,140-13237-0-019
20	6-575,140-13237-0-020
21	6-575,140-13237-0-021
22	6-575,140-13237-0-022
23	6-575,140-13237-0-023
24	6-575,140-13237-0-024
25	6-575,140-13237-0-025
26	6-575,140-13237-0-026
27	6-575,140-13237-0-027
28	6-575,140-13237-0-028
29	6-575,140-13237-0-029
30	6-575,140-13237-0-030
31	6-575,140-13237-0-031
32	6-575,140-13237-0-032
33	6-575,140-13237-0-033
34	6-575,140-13237-0-034
35	6-575,140-13237-0-035
36	6-575,140-13237-0-036
37	6-575,140-13237-0-037
38	6-575,140-13237-0-038
39	6-575,140-13237-0-039
40	6-575,140-13237-0-040
41	6-575,140-13237-0-041
42	6-575,140-13237-0-042
43	6-575,140-13237-0-043
44	6-575,140-13237-0-044
45	6-575,140-13237-0-045
46	6-575,140-13237-0-046
47	6-575,140-13237-0-047
48	6-575,140-13237-0-048
49	6-575,140-13237-0-049
50	6-575,140-13237-0-050
51	6-575,140-13237-0-051
52	6-575,140-13237-0-052
53	6-575,140-13237-0-053
54	6-575,140-13237-0-054
55	6-575,140-13237-0-055
56	6-575,140-13237-0-056
57	6-575,140-13237-0-057
58	6-575,140-13237-0-058
59	6-575,140-13237-0-059
60	6-575,140-13237-0-060
61	6-575,140-13237-0-061
62	6-575,140-13237-0-062
63	6-575,140-13237-0-063
64	6-575,140-13237-0-064
65	6-575,140-13237-0-065
66	6-575,140-13237-0-066
67	6-575,140-13237-0-067
68	6-575,140-13237-0-068
69	6-575,140-13237-0-069
70	6-575,140-13237-0-070
71	6-575,140-13237-0-071
72	6-575,140-13237-0-072
73	6-575,140-13237-0-073
74	6-575,140-13237-0-074
75	6-575,140-13237-0-075
76	6-575,140-13237-0-076
77	6-575,140-13237-0-077
78	6-575,140-13237-0-078
79	6-575,140-13237-0-079
80	6-575,140-13237-0-080
81	6-575,140-13237-0-081
82	6-575,140-13237-0-082
83	6-575,140-13237-0-083
84	6-575,140-13237-0-084
85	6-575,140-13237-0-085
86	6-575,140-13237-0-086
87	6-575,140-13237-0-087
88	6-575,140-13237-0-088
89	6-575,140-13237-0-089
90	6-575,140-13237-0-090
91	6-575,140-13237-0-091
92	6-575,140-13237-0-092
93	6-575,140-13237-0-093
94	6-575,140-13237-0-094
95	6-575,140-13237-0-095
96	6-575,140-13237-0-096
97	6-575,140-13237-0-097
98	6-575,140-13237-0-098
99	6-575,140-13237-0-099
100	6-575,140-13237-0-100
101	6-575,140-13237-0-101
102	6-575,140-13237-0-102
103	6-575,140-13237-0-103
104	6-575,140-13237-0-104
105	6-575,140-13237-0-105
106	6-575,140-13237-0-106
107	6-575,140-13237-0-107
108	6-575,140-13237-0-108
109	6-575,140-13237-0-109
110	6-575,140-13237-0-110
111	6-575,140-13237-0-111
112	6-575,140-13237-0-112
113	6-575,140-13237-0-113
114	6-575,140-13237-0-114
115	6-575,140-13237-0-115
116	6-575,140-13237-0-116
117	6-575,140-13237-0-117
118	6-575,140-13237-0-118
119	6-575,140-13237-0-119
120	6-575,140-13237-0-120
121	6-575,140-13237-0-121
122	6-575,140-13237-0-122
123	6-575,140-13237-0-123
124	6-575,140-13237-0-124
125	6-575,140-13237-0-125
126	6-575,140-13237-0-126
127	6-575,140-13237-0-127
128	6-575,140-13237-0-128
129	6-575,140-13237-0-129
130	6-575,140-13237-0-130
131	6-575,140-13237-0-131
132	6-575,140-13237-0-132
133	6-575,140-13237-0-133
134	6-575,140-13237-0-134
135	6-575,140-13237-0-135
136	6-575,140-13237-0-136
137	6-575,140-13237-0-137
138	6-575,140-13237-0-138
139	6-575,140-13237-0-139
140	6-575,140-13237-0-140
141	6-575,140-13237-0-141
142	6-575,140-13237-0-142
143	6-575,140-13237-0-143
144	6-575,140-13237-0-144
145	6-575,140-13237-0-145
146	6-575,140-13237-0-146
147	6-575,140-13237-0-147
148	6-575,140-13237-0-148
149	6-575,140-13237-0-149
150	6-575,140-13237-0-150
151	6-575,140-13237-0-151
152	6-575,140-13237-0-152
153	6-575,140-13237-0-153
154	6-575,140-13237-0-154
155	6-575,140-13237-0-155
156	6-575,140-13237-0-156
157	6-575,140-13237-0-157
158	6-575,140-13237-0-158
159	6-575,140-13237-0-159
160	6-575,140-13237-0-160
161	6-575,140-13237-0-161
162	6-575,140-13237-0-162
163	6-575,140-13237-0-163
164	6-575,140-13237-0-164
165	6-575,140-13237-0-165
166	6-575,140-13237-0-166
167	6-575,140-13237-0-167
168	6-575,140-13237-0-168
169	6-575,140-13237-0-169
170	6-575,140-13237-0-170
171	6-575,140-13237-0-171
172	6-575,140-13237-0-172
173	6-575,140-13237-0-173
174	6-575,140-13237-0-174
175	6-575,140-13237-0-175
176	6-575,140-13237-0-176
177	6-575,140-13237-0-177
178	6-575,140-13237-0-178
179	6-575,140-13237-0-179
180	6-575,140-13237-0-180
181	6-575,140-13237-0-181
182	6-575,140-13237-0-182
183	6-575,140-13237-0-183
184	6-575,140-13237-0-184
185	6-575,140-13237-0-185
186	6-575,140-13237-0-186
187	6-575,140-13237-0-187
188	6-575,140-13237-0-188
189	6-575,140-13237-0-189
190	6-575,140-13237-0-190
191	6-575,140-13237-0-191
192	6-575,140-13237-0-192
193	6-575,140-13237-0-193
194	6-575,140-13237-0-194
195	6-575,140-13237-0-195
196	6-575,140-13237-0-196
197	6-575,140-13237-0-197
198	6-575,140-13237-0-198
199	6-575,140-13237-0-199
200	6-575,140-13237-0-200
201	6-575,140-13237-0-201
202	6-575,140-13237-0-202
203	6-575,140-13237-0-203
204	6-575,140-13237-0-204
205	6-575,140-13237-0-205
206	6-575,140-13237-0-206
207	6-575,140-13237-0-207
208	6-575,140-13237-0-208
209	6-575,140-13237-0-209
210	6-575,140-13237-0-210
211	6-575,140-13237-0-211
212	6-575,140-13237-0-212
213	6-575,140-13237-0-213
214	6-575,140-13237-0-214
215	6-575,140-13237-0-215
216	6-575,140-13237-0-216
217	6-575,140-13237-0-217
218	6-575,140-13237-0-218
219	6-575,140-13237-0-219
220	6-575,140-13237-0-220
221	6-575,140-13237-0-221
222	6-575,140-13237-0-222
223	6-575,140-13237-0-223
224	6-575,140-13237-0-224
225	6-575,140-13237-0-225
226	6-575,140-13237-0-226
227	6-575,140-13237-0-227
228	6-575,140-13237-0-228
229	6-575,140-13237-0-229
230	6-575,140-13237-0-230
231	6-575,140-13237-0-231
232	6-575,140-13237-0-232
233	6-575,140-13237-0-233
234	6-575,140-13237-0-234
235	6-575,140-13237-0-235
236	6-575,140-13237-0-236
237	6-575,140-13237-0-237
238	6-575,140-13237-0-238
239	6-575,140-13237-0-239
240	6-575,140-13237-0-240
241	6-575,140-13237-0-241
242	6-575,140-13237-0-242
243	6-575,140-13237-0-243
244	6-575,140-13237-0-244
245	6-575,140-13237-0-245
246	6-575,140-13237-0-246
247	6-575,140-13237-0-247
248	6-575,140-13237-0-248
249	6-575,140-13237-0-249
250	6-575,140-13237-0-250
251	6-575,140-13237-0-251
252	6-575,140-13237-0-252
253	6-575,140-13237-0-253
254	6-575,140-13237-0-254
255	6-575,140-13237-0-255
256	6-575,140-13237-0-256
257	6-575,140-13237-0-257
258	6-575,140-13237-0-258
259	6-575,140-13237-0-259
260	6-575,140-13237-0-260
261	6-575,140-13237-0-261
262	6-575,140-13237-0-262
263	6-575,140-13237-0-263
264	6-575,140-13237-0-264
265	6-575,140-13237-0-265
266	6-575,140-13237-0-266
267	6-575,140-13237-0-267
268	6-575,140-13237-0-268
269	6-575,140-13237-0-269
270	6-575,140-13237-0-270
271	6-575,140-13237-0-271
272	6-575,140-13237-0-272
273	6-575,140-13237-0-273
274	6-575,140-13237-0-274
275	6-575,140-13237-0-275
276	6-575,140-13237-0-276
277	6-575,140-13237-0-277
278	6-575,140-13237-0-278
279	6-575,140-13237-0-279
280	6-575,140-13237-0-280
281	6-575,140-13237-0-281
282	6-575,140-13237-0-282
283	6-575,140-13237-0-283
284	6-575,140-13237-0-284
285	6-575,140-13237-0-285
286	6-575,140-13237-0-286
287	6-575,140-13237-0-287
288	6-575,140-13237-0-288
289	6-575,140-13237-0-289
290	6-575,140-13237-0-290
291	6-575,140-13237-0-291
292	6-575,140-13237-0-292
293	6-575,140-13237-0-293
294	6-575,140-13237-0-294
295	6-575,140-13237-0-295
296	6-575,140-13237-0-296
297	6-575,140-13237-0-297
298	6-575,140-13237-0-298
299	6-575,140-13237-0-299
300	6-575,140-13237-0-300
301	6-575,140-13237-0-301
302	6-575,140-13237-0-302
303	6-575,140-13237-0-303
304	6-575,140-13237-0-304
305	6-575,140-13237-0-305
306	6-575,140-13237-0-306
307	6-575,140-13237-0-307
308	6-575,140-13237-0-308
309	6-575,140-13237-0-309
310	6-575,140-13237-0-310
311	6-575,140-13237-0-311
312	6-575,140-13237-0-312
313	6-575,140-13237-0-313
314	6-575,140-13237-0-314
315	6-575,140-13237-0-315
316	6-575,140-13237-0-316
317	6-575,140-13237-0-317
318	6-575,140-13237-0-318
319	6-575,140-13237-0-319
320	6-575,140-13237-0-320
321	6-575,140-13237-0-321
322	6-575,140-13237-0-322
323	6-575,140-13237-0-323
324	6-575,140-13237-0-324
325	6-575,140-13237-0-325
326	6-575,140-13237-0-326
327	6-575,140-13237-0-327
328	6-575,140-13237-0-328
329	6-575,140-13237-0-329
330	6-575,140-13237-0-330
331	6-575,140-13237-0-331
332	6-575,140-13237-0-332
333	6-575,140-13237-0-333
334	6-575,140-13237-0-334
335	6-575,140-13237-0-335
336	6-575,140-13237-0-336
337	6-575,140-13237-0-337
338	6-575,140-13237-0-338
339	6-575,140-13237-0-339
340	6-575,140-13237-0-340
341	6-575,140-13237-0-341
342	6-575,140-13237-0-342
343	6-575,140-13237-0-343
344	6-575,140-13237-0-344
345	6-575,140-13237-0-345
346	6-575,140-13237-0-346
347	6-575,140-13237-0-347
348	6-575,140-13237-0-348
349	6-575,140-13237-0-349
350	6-575,140-13237-0-350
